{
  "RMSE": 6.5139055664419505,
  "MAE": 3.4276704535106575,
  "Bias": 0.26891988725768207,
  "Correlation": 0.26305194742352633,
  "Coverage": 0.8918918918918919,
  "Variation_Explained": 0.5277631684035491
}