{
  "methodology": {
    "approach": "Robust Real-time Dynamic Factor Model",
    "estimation_method": "Enhanced Direct MLE with fallbacks",
    "missing_data_handling": "Kalman Filter - No interpolation",
    "purpose": "India GDP Nowcasting"
  },
  "model_specification": {
    "n_factors": 5,
    "factor_order": 1,
    "max_iterations": 2000,
    "convergence_tolerance": 0.001
  },
  "estimation_results": {
    "converged": true,
    "log_likelihood": -36566.87494146495,
    "aic": 73469.7498829299,
    "bic": 74584.45575309027,
    "n_observations": 5631,
    "n_series": 23
  },
  "factor_loadings": {
    "loadings_matrix": [
      [
        -0.0983725247809285,
        0.18067483284382507,
        0.2848140099042775,
        -0.0894092610748721,
        0.000779191097820633
      ],
      [
        -0.007739279634418543,
        -0.03726282820818326,
        -0.01366290399675624,
        0.14322265588015992,
        0.06659155643277767
      ],
      [
        0.10188529336110613,
        0.24302016332032506,
        0.3728208833365156,
        -0.20164615616041376,
        -0.018484817794818757
      ],
      [
        -0.16762141080937484,
        0.20801455501413935,
        0.44643773997859576,
        0.038704522369455416,
        0.0077191916928023956
      ],
      [
        -0.006976456299894235,
        0.2937887298218616,
        0.5822070941121404,
        -0.2557402110156258,
        0.04316979763677447
      ],
      [
        -0.08199995068525114,
        0.09050462886836418,
        -0.16187776058920328,
        -0.09092056491743948,
        -0.05632664990758911
      ],
      [
        0.00032829742135205407,
        0.1959556330765239,
        0.36052022494087194,
        -0.1246687423836148,
        0.09135315043057042
      ],
      [
        0.09338746013738207,
        0.24348282922704137,
        0.4758057115315093,
        -0.27548134359475684,
        -0.08985531893246547
      ],
      [
        0.40881919962152913,
        0.2054420052230399,
        0.5046867921731818,
        -0.27574491913041455,
        -0.11071739123551061
      ],
      [
        0.043746275738777,
        0.2577109693877953,
        0.44297753125309175,
        -0.196479747424378,
        0.005994683799665498
      ],
      [
        0.6378565293841606,
        -0.048886236597374524,
        -0.01609383020830425,
        -0.04277354761374921,
        -0.052619167592407354
      ],
      [
        0.06072076133425435,
        -0.03483006946681525,
        -0.022692191468384953,
        0.048128401727054924,
        -0.029725888259860854
      ],
      [
        -0.08895920542406917,
        0.0330203186276667,
        0.0764969181418298,
        -0.04580358135178642,
        -0.0676668896411804
      ],
      [
        0.0335550930400933,
        0.030506646709437958,
        0.13711989611912412,
        -0.03517523177884287,
        0.09840526960172939
      ],
      [
        0.012414147238792682,
        0.06378023020939949,
        0.08530255252724168,
        -0.05525782099777841,
        0.034598668579883134
      ],
      [
        0.12068891829009265,
        0.018862818075492716,
        -0.09027899376515419,
        -0.07744534822905857,
        0.8254753533849719
      ],
      [
        -0.01166015145570498,
        0.13383024741776062,
        0.2688124906448219,
        -0.16594026876822712,
        -0.0074481561831774845
      ],
      [
        -0.003802911220131251,
        -0.0066486343045837944,
        -0.026887007419842006,
        -0.009980198957069825,
        -0.006738022772463792
      ],
      [
        0.1033300358100962,
        0.04301359487523998,
        0.01443784815150986,
        0.01209415199972064,
        -0.12618342056013465
      ],
      [
        0.22487416134536106,
        0.1600262935390975,
        0.413083732256121,
        0.7540357011678088,
        0.058025248229365126
      ],
      [
        -0.6076203845977889,
        0.04483093739598612,
        0.03311774730411056,
        0.06330035585046274,
        0.050895808138316734
      ],
      [
        0.03846575169707792,
        0.8743914293112636,
        -0.4173419004359779,
        0.0680982505638238,
        -0.15069587156580805
      ],
      [
        -0.2177196168644305,
        0.0405326390229359,
        -0.15382182681899234,
        0.12999130319302676,
        -0.19218177762723085
      ]
    ],
    "series_names": [
      "Farm Tractor: Sales (Including Exports)_processed",
      "Foreign Investment Inflow: FDI: to India: Gross Investment (GI)_processed",
      "Naukri JobSpeak Index_processed",
      "Cards: Volume_processed",
      "Cargo Traffic: All Airports_processed",
      "Cargo Traffic: ytd_processed",
      "Electricity Generation: Monthly: Utilities_processed",
      "Exports: USD_processed",
      "Imports: USD_processed",
      "Petroleum: Consumption_processed",
      "Index: Nifty 50_processed",
      "RBI: Components: Currency in Circulation_processed",
      "Financial stress indicators_processed",
      "Registered Motor Vehicles: Two Wheeler: Non Transport_processed",
      "Cargo Traffic: International_processed",
      "Rail Drishti: Railway Freight Loading: Previous Day_processed",
      "Consumer durables search_processed",
      "Kharif: All Crops: Sown Area: Current Year_processed",
      "Rabi: All Crops: Sown Area: Current Year_processed",
      "Crude Oil Price: Average International FOB: Indian Basket: USD_processed",
      "National Stock Exchange of India Limited: Index: India VIX Index_processed",
      "Federal Funds: Effective Rate_processed",
      "Real GDP: YoY: Quarterly: United States_processed"
    ],
    "factor_names": [
      "Factor_1",
      "Factor_2",
      "Factor_3",
      "Factor_4",
      "Factor_5"
    ]
  },
  "factor_statistics": {
    "Factor_1": {
      "mean": -2.1378583927516055,
      "std": 150.25185032924387,
      "min": -11251.637597135974,
      "max": 3.1426558917707106
    },
    "Factor_2": {
      "mean": -0.38296302621233996,
      "std": 30.64685308194011,
      "min": -2296.258893737114,
      "max": 92.3563414135635
    },
    "Factor_3": {
      "mean": 1.1041504291838127,
      "std": 79.58299540042992,
      "min": -8.845442393325325,
      "max": 5968.3409290366435
    },
    "Factor_4": {
      "mean": 0.661324788461135,
      "std": 42.82642229082123,
      "min": -3.0644054147321547,
      "max": 3178.3782473951405
    },
    "Factor_5": {
      "mean": 0.8289453885503056,
      "std": 60.03009197714919,
      "min": -74.39951942939803,
      "max": 4500.052845344364
    }
  }
}